<?xml version="1.0" encoding="utf-8"?>
<extension type="component" method="upgrade">
    <name>COM_PRODUCCION</name>
    <author>Grimpsa</author>
    <creationDate>2024-12-18</creationDate>
    <copyright>Copyright (C) 2024 Grimpsa. All rights reserved.</copyright>
    <license>GNU General Public License version 2 or later; see LICENSE.txt</license>
    <authorEmail>info@grimpsa.com</authorEmail>
    <authorUrl>https://grimpsa.com</authorUrl>
    <version>1.0.19</version>
    <description>COM_PRODUCCION_XML_DESCRIPTION</description>
    
    <install>
        <sql>
            <file driver="mysql" charset="utf8">sql/install.mysql.utf8.sql</file>
        </sql>
    </install>
    
    <uninstall>
        <sql>
            <file driver="mysql" charset="utf8">sql/uninstall.mysql.utf8.sql</file>
        </sql>
    </uninstall>
    
    <scriptfile>script.php</scriptfile>
    
    <files folder="admin">
        <filename>produccion.php</filename>
        <filename>controller.php</filename>
        <filename>config.xml</filename>
        <filename>debug.php</filename>
        <folder>controllers</folder>
        <folder>models</folder>
        <folder>views</folder>
        <folder>services</folder>
        <folder>src</folder>
        <folder>sql</folder>
        <folder>language</folder>
        <folder>tmpl</folder>
    </files>
    
    <files folder="site">
        <filename>produccion.php</filename>
        <folder>services</folder>
        <folder>src</folder>
        <folder>language</folder>
    </files>
    
    <media destination="com_produccion" folder="media">
        <folder>css</folder>
        <folder>js</folder>
    </media>
    
    <languages folder="admin/language">
        <language tag="en-GB">en-GB/com_produccion.ini</language>
        <language tag="en-GB">en-GB/com_produccion.sys.ini</language>
    </languages>
    
    <languages folder="site/language">
        <language tag="en-GB">en-GB/com_produccion.ini</language>
    </languages>
    
    <administration>
        <menu link="option=com_produccion">COM_PRODUCCION</menu>
        <submenu>
            <menu link="option=com_produccion&view=dashboard">COM_PRODUCCION_DASHBOARD</menu>
            <menu link="option=com_produccion&view=ordenes">COM_PRODUCCION_ORDENES</menu>
            <menu link="option=com_produccion&view=webhook">COM_PRODUCCION_WEBHOOK</menu>
            <menu link="option=com_produccion&view=debug">COM_PRODUCCION_DEBUG</menu>
        </submenu>
    </administration>
</extension>
